{
  "model": "encoder/enc-bert-large-cased",
  "family": "encoder",
  "labels": [
    "irrelevant_content",
    "advertisement",
    "review_without_visit"
  ],
  "threshold": 0.5,
  "n_samples": 211,
  "per_label": {
    "irrelevant_content": {
      "precision": 1.0,
      "recall": 0.7727272727272727,
      "f1": 0.8717948717948718,
      "ap": 0.8817270233644421,
      "support": 22,
      "confusion": {
        "tn": 189,
        "fp": 0,
        "fn": 5,
        "tp": 17
      }
    },
    "advertisement": {
      "precision": 1.0,
      "recall": 1.0,
      "f1": 1.0,
      "ap": 1.0,
      "support": 17,
      "confusion": {
        "tn": 194,
        "fp": 0,
        "fn": 0,
        "tp": 17
      }
    },
    "review_without_visit": {
      "precision": 1.0,
      "recall": 0.8,
      "f1": 0.8888888888888888,
      "ap": 0.8834722222222222,
      "support": 15,
      "confusion": {
        "tn": 196,
        "fp": 0,
        "fn": 3,
        "tp": 12
      }
    }
  },
  "macro": {
    "precision": 1.0,
    "recall": 0.8575757575757575,
    "f1": 0.9202279202279202
  },
  "micro": {
    "precision": 1.0,
    "recall": 0.8518518518518519,
    "f1": 0.92
  }
}