{
  "model": "sft/sft-ministral-8b",
  "family": "sft",
  "labels": [
    "irrelevant_content",
    "advertisement",
    "review_without_visit"
  ],
  "threshold": 0.5,
  "n_samples": 211,
  "per_label": {
    "irrelevant_content": {
      "precision": 0.5277777777777778,
      "recall": 0.8636363636363636,
      "f1": 0.6551724137931034,
      "ap": 0.4700260902867538,
      "support": 22,
      "confusion": {
        "tn": 172,
        "fp": 17,
        "fn": 3,
        "tp": 19
      }
    },
    "advertisement": {
      "precision": 0.8947368421052632,
      "recall": 1.0,
      "f1": 0.9444444444444444,
      "ap": 0.8947368421052632,
      "support": 17,
      "confusion": {
        "tn": 192,
        "fp": 2,
        "fn": 0,
        "tp": 17
      }
    },
    "review_without_visit": {
      "precision": 0.6363636363636364,
      "recall": 0.9333333333333333,
      "f1": 0.7567567567567568,
      "ap": 0.598678730432285,
      "support": 15,
      "confusion": {
        "tn": 188,
        "fp": 8,
        "fn": 1,
        "tp": 14
      }
    }
  },
  "macro": {
    "precision": 0.6862927520822257,
    "recall": 0.9323232323232323,
    "f1": 0.7854578716647683
  },
  "micro": {
    "precision": 0.6493506493506493,
    "recall": 0.9259259259259259,
    "f1": 0.7633587786259542
  }
}