{
  "model": "sft/sft-gemma-3-12b",
  "family": "sft",
  "labels": [
    "irrelevant_content",
    "advertisement",
    "review_without_visit"
  ],
  "threshold": 0.5,
  "n_samples": 211,
  "per_label": {
    "irrelevant_content": {
      "precision": 0.7727272727272727,
      "recall": 0.7727272727272727,
      "f1": 0.7727272727272727,
      "ap": 0.6208041204809839,
      "support": 22,
      "confusion": {
        "tn": 184,
        "fp": 5,
        "fn": 5,
        "tp": 17
      }
    },
    "advertisement": {
      "precision": 1.0,
      "recall": 1.0,
      "f1": 1.0,
      "ap": 1.0,
      "support": 17,
      "confusion": {
        "tn": 194,
        "fp": 0,
        "fn": 0,
        "tp": 17
      }
    },
    "review_without_visit": {
      "precision": 0.7368421052631579,
      "recall": 0.9333333333333333,
      "f1": 0.8235294117647058,
      "ap": 0.692458634738505,
      "support": 15,
      "confusion": {
        "tn": 191,
        "fp": 5,
        "fn": 1,
        "tp": 14
      }
    }
  },
  "macro": {
    "precision": 0.8365231259968101,
    "recall": 0.902020202020202,
    "f1": 0.8654188948306595
  },
  "micro": {
    "precision": 0.8275862068965517,
    "recall": 0.8888888888888888,
    "f1": 0.8571428571428571
  }
}